{
  "ridge": {
    "mae": 11.41798605879778,
    "rmse": 13.657017915424161,
    "spearman": 0.5499093863984519,
    "spearman_pval": 3.596269839284433e-16,
    "best_alpha": 0.1
  },
  "random_forest": {
    "mae": 11.376643693267276,
    "rmse": 13.523912305589356,
    "spearman": 0.5590579799383865,
    "spearman_pval": 9.128301137824512e-17
  },
  "xgboost": {
    "mae": 11.286139712625996,
    "rmse": 13.560142626238745,
    "spearman": 0.5580869434764407,
    "spearman_pval": 1.0579410225388287e-16,
    "best_params": {
      "lr": 0.05,
      "max_depth": 3,
      "n_est": 100,
      "subsample": 0.7
    }
  }
}